train_generator,test_generator,difficulty,num_seeds,exact_accuracy_mean,exact_accuracy_std,exact_accuracy_min,exact_accuracy_max,char_accuracy_mean,char_accuracy_std,char_accuracy_min,char_accuracy_max,ece_mean,ece_std,ece_min,ece_max,avg_confidence_mean,avg_confidence_std,avg_confidence_min,avg_confidence_max,avg_entropy_mean,avg_entropy_std,avg_entropy_min,avg_entropy_max,num_samples_mean,num_samples_std,num_samples_min,num_samples_max
opencv_text,opencv_text,clean,5,0.9879999999999999,0.015561903466677043,0.9577777777777776,1.0,0.9976,0.003112380693335381,0.9915555555555556,1.0,0.00669819421238368,0.007859964887807477,0.0004194606675042,0.0214572797881232,0.994426035059823,0.007637463528854092,0.979235057565901,0.999319602118598,0.004898024992903759,0.006129504533284297,0.0010690295487761,0.017055289657033,450.0,0.0,450.0,450.0
opencv_text,opencv_text,easy,5,0.992,0.008618097524295664,0.9755555555555556,0.9977777777777778,0.9983111111111113,0.0018939800669033134,0.9946666666666668,0.9995555555555556,0.006362620353698658,0.008659673788942154,0.0008781903319888,0.0235917050308651,0.9943992277781168,0.007019650029985927,0.9807489380571576,0.9994021124309964,0.0044774020687393,0.0052833269241098855,0.0007478715653601,0.014679324420059,450.0,0.0,450.0,450.0
opencv_text,opencv_text,hard,5,0.716,0.09387567296860587,0.6,0.8133333333333334,0.9211555555555556,0.028889025640701962,0.8857777777777778,0.952,0.23889593945609203,0.07620625837026652,0.1549055809444852,0.3312566855218676,0.9548959394560919,0.018476859970977266,0.9274068285359276,0.9711727219157748,0.030841301689399074,0.012721588715344824,0.019265245997661,0.0497065389719985,450.0,0.0,450.0,450.0
opencv_text,opencv_text,medium,5,0.9408888888888891,0.047194894053185034,0.8622222222222222,0.9866666666666668,0.9874666666666666,0.0105452347204148,0.9693333333333334,0.9973333333333332,0.0471059447129567,0.03757402340051772,0.008574089606603,0.1083611632717979,0.9879948336018456,0.00976360205995463,0.9705833854940202,0.995307047367096,0.00902318898445598,0.007040152284882375,0.0033941611157827,0.0216067922594245,450.0,0.0,450.0,450.0
opencv_text,pil_controlled,clean,5,0.1933333333333333,0.059329587896765304,0.0844444444444444,0.2533333333333333,0.7139555555555555,0.04598365785932494,0.628,0.7533333333333333,0.7183613385889265,0.04341367962614127,0.6734835998217265,0.7972619745466444,0.9116946719222601,0.0173047612945405,0.8817064189910888,0.92681693315506,0.05768152264234796,0.012220598806797807,0.0466228341174024,0.078419438829943,450.0,0.0,450.0,450.0
opencv_text,pil_controlled,easy,5,0.17511111111111108,0.038320287635199755,0.1,0.2044444444444444,0.7059555555555556,0.039625506189079014,0.6284444444444445,0.7377777777777778,0.7388107991218567,0.028007665874788642,0.7026934103171031,0.7880846734841664,0.9139219102329678,0.016162096437854066,0.8880846734841664,0.9301110208034516,0.056026443889898116,0.01124443810395614,0.0449205504658069,0.0737610338872764,450.0,0.0,450.0,450.0
opencv_text,pil_controlled,hard,5,0.11688888888888885,0.04317292246962095,0.0577777777777777,0.1666666666666666,0.6252444444444445,0.049338858549453336,0.5573333333333333,0.6777777777777778,0.7802697623040941,0.030828633578969235,0.7390103730890486,0.8168835969765981,0.897158651192983,0.016958083147227913,0.8746613747543759,0.9137233997715845,0.06737761494891832,0.012095021771360803,0.0546547958378505,0.0835774419324783,450.0,0.0,450.0,450.0
opencv_text,pil_controlled,medium,5,0.15511111111111106,0.040034552977381496,0.0933333333333333,0.1955555555555555,0.6854222222222222,0.04464612020526216,0.608,0.7213333333333334,0.7545317121876611,0.023245759263838706,0.7311754993597667,0.7905385222699907,0.9096428232987721,0.0171467823374279,0.883871855603324,0.926731054915322,0.05926923762086271,0.011983978978208621,0.0469424576562071,0.0766064959653239,450.0,0.0,450.0,450.0
pil_controlled,opencv_text,clean,5,0.43688888888888877,0.11122305471993911,0.2777777777777778,0.5866666666666667,0.8435555555555556,0.044750060348948906,0.7715555555555556,0.9017777777777778,0.41362277518378365,0.06312921316106067,0.3357726534207661,0.4915902813275655,0.8505116640726726,0.06368604945209526,0.7385147950384352,0.9294944530063204,0.11128393132054606,0.0494484272377607,0.0483486021776399,0.1973492026660177,450.0,0.0,450.0,450.0
pil_controlled,opencv_text,easy,5,0.43244444444444435,0.11974953284787358,0.2933333333333333,0.5822222222222222,0.8431111111111111,0.04394654440831609,0.7853333333333333,0.9008888888888889,0.4247528913683361,0.07387953111534538,0.3462400665548112,0.5436863556173113,0.8571973358127807,0.059275350638139004,0.7569774988624784,0.933232707977295,0.10729968820836959,0.04692362832671135,0.0458974057820806,0.1860963816858,450.0,0.0,450.0,450.0
pil_controlled,opencv_text,hard,5,0.21066666666666664,0.06950122123449647,0.1422222222222222,0.3288888888888889,0.6989333333333333,0.04668283317859196,0.6497777777777778,0.7848888888888889,0.5530547838608423,0.024404938223312522,0.5216580971082052,0.5957893710666232,0.7637214505275091,0.06868129553758796,0.6638803193304273,0.870021538734436,0.17756397136487062,0.05740056560469943,0.090257881268238,0.263029712256458,450.0,0.0,450.0,450.0
pil_controlled,opencv_text,medium,5,0.3528888888888888,0.09608021340217457,0.2177777777777777,0.4755555555555555,0.808088888888889,0.03958241285479459,0.7564444444444445,0.8608888888888889,0.47435411977767944,0.04254857571997227,0.4249746526612176,0.5409080633852217,0.8272430086665683,0.06448717697013245,0.7226786682340833,0.91855294002427,0.12823366742692363,0.05128433617523573,0.0566359048702805,0.21196941645609,450.0,0.0,450.0,450.0
pil_controlled,pil_controlled,clean,5,0.7004444444444444,0.15926621862486007,0.4088888888888889,0.88,0.9249777777777778,0.05031566528268812,0.8293333333333334,0.9742222222222222,0.19387063937717008,0.10332592846552062,0.0823620784282684,0.3802668755584293,0.8943150838216145,0.05717372129824071,0.7891557644473182,0.9623620784282684,0.0792606991681936,0.04267579900459828,0.0282493566050834,0.157342326607969,450.0,0.0,450.0,450.0
pil_controlled,pil_controlled,easy,5,0.663111111111111,0.19623920902942363,0.32,0.9266666666666666,0.9105777777777778,0.06575218721424245,0.788,0.9848888888888888,0.22709173640939923,0.1340385490655718,0.0396408365832434,0.4561218986908595,0.8902028475205104,0.0625888802020314,0.7761218986908595,0.96630750324991,0.0816467984064236,0.04499467482146672,0.0263965781592156,0.1631319794679681,450.0,0.0,450.0,450.0
pil_controlled,pil_controlled,hard,5,0.3391111111111111,0.12312474854270243,0.2,0.5666666666666667,0.7860444444444444,0.053849795671173706,0.7186666666666667,0.8831111111111111,0.4781431803305944,0.06652677658369224,0.3463073228465185,0.5211158031887478,0.8172542914417054,0.06243670931717266,0.7211158031887478,0.9129739895131852,0.1346113588979674,0.04872932792827205,0.0622086319461878,0.2115024964097473,450.0,0.0,450.0,450.0
pil_controlled,pil_controlled,medium,5,0.5493333333333333,0.1709950544371834,0.2777777777777778,0.8133333333333334,0.8814222222222222,0.05819907936991934,0.7791111111111111,0.9577777777777776,0.3191498654418521,0.11113265733263097,0.1355049177010854,0.4829929215378231,0.8684831987751854,0.06127394523521261,0.7607706993156009,0.9488382510344188,0.09644350087777191,0.045961384091939596,0.0371419295813474,0.1773775645179881,450.0,0.0,450.0,450.0
