train_generator,ood_condition,auroc,id_mean_entropy,ood_mean_entropy
pil_controlled,captcha_image@medium,0.998312,0.005992925206006021,0.16395281427477798
pil_controlled,opencv_text@medium,0.8483902222222222,0.005992925206006021,0.03357783895285805
pil_controlled,wand_text@medium,0.9884324444444443,0.005992925206006021,0.13104540930570024
pil_controlled,pil_controlled@hard,0.7341122222222223,0.005992925206006021,0.020816367885893364
captcha_image,pil_controlled@medium,0.4626564444444444,0.5561294925908248,0.5418200817406178
captcha_image,opencv_text@medium,0.5851755555555556,0.5561294925908248,0.5857021792928377
captcha_image,wand_text@medium,0.3055471111111111,0.5561294925908248,0.45976400749385354
captcha_image,captcha_image@hard,0.5116355555555556,0.5561294925908248,0.5595986421704292
opencv_text,pil_controlled@medium,0.9881888888888889,0.0006988070635885227,0.05464392890924501
opencv_text,captcha_image@medium,0.9998644444444444,0.0006988070635885227,0.1621081394313369
opencv_text,wand_text@medium,0.9993835555555555,0.0006988070635885227,0.11459789840737358
opencv_text,opencv_text@hard,0.7914813333333333,0.0006988070635885227,0.011639779145554106
wand_text,pil_controlled@medium,0.12925488888888886,0.2899630612581968,0.138511328133444
wand_text,captcha_image@medium,0.6517186666666667,0.2899630612581968,0.3325323056280613
wand_text,opencv_text@medium,0.2665724444444444,0.2899630612581968,0.1930219092282156
wand_text,wand_text@hard,0.7711391111111112,0.2899630612581968,0.4427596238926053
