train_generator,test_generator,difficulty,exact_accuracy,char_accuracy,ece,avg_confidence,avg_entropy,num_samples,v_score,captcha_robustness_score,accuracy_component,calibration_component,uncertainty_component
captcha_image,captcha_image,clean,0.0553333333333333,0.5188,0.3381907643179099,0.3933625415662924,0.5532005789379278,1500,0.04385506468216578,0.9561449353178342,0.0553333333333333,0.6618092356820902,0.5532005789379278
captcha_image,captcha_image,easy,0.054,0.5086666666666667,0.3383489326238632,0.3923489326238632,0.5540827436546485,1500,0.04311366474429769,0.9568863352557023,0.054,0.6616510673761369,0.5540827436546485
captcha_image,captcha_image,medium,0.036,0.4737333333333333,0.3520346479515234,0.3875849391718705,0.5561294925908248,1500,0.032767171891530375,0.9672328281084697,0.036,0.6479653520484766,0.5561294925908248
captcha_image,captcha_image,hard,0.018,0.4170666666666666,0.3668299064338207,0.3848299064338207,0.5595986421704292,1500,0.02191429027915001,0.97808570972085,0.018,0.6331700935661793,0.5595986421704292
opencv_text,opencv_text,clean,1.0,1.0,6.27749760945262e-05,0.9999372250239056,0.0001481892704631,1500,0.5999578071506885,0.40004219284931153,1.0,0.9999372250239055,0.0001481892704631
opencv_text,opencv_text,easy,0.9993333333333332,0.9998666666666668,0.0005617324113845,0.999895065744718,0.0001590327693137,1500,0.5995891802971937,0.40041081970280634,0.9993333333333332,0.9994382675886155,0.0001590327693137
opencv_text,opencv_text,medium,0.998,0.9996,0.0015460352102915,0.9993854642709096,0.0006988070635885,1500,0.598751031545224,0.401248968454776,0.998,0.9984539647897085,0.0006988070635885
opencv_text,opencv_text,hard,0.8986666666666666,0.9765333333333334,0.0851257377068201,0.9837924043734868,0.0116397791455541,1500,0.5401135632961919,0.45988643670380813,0.8986666666666666,0.9148742622931799,0.0116397791455541
pil_controlled,pil_controlled,clean,0.9966666666666668,0.9993333333333332,0.0017059245904287,0.9983725912570952,0.0017908549330375,1500,0.5979673107619735,0.4020326892380265,0.9966666666666668,0.9982940754095713,0.0017908549330375
pil_controlled,pil_controlled,easy,0.986,0.9972,0.0108863054513931,0.9968863054513932,0.0026369679962578,1500,0.5916953453104699,0.40830465468953014,0.986,0.9891136945486069,0.0026369679962578
pil_controlled,pil_controlled,medium,0.9726666666666668,0.9945333333333334,0.0197146190007527,0.9923812856674196,0.005992925206006,1500,0.583925157825315,0.41607484217468504,0.9726666666666668,0.9802853809992473,0.005992925206006
pil_controlled,pil_controlled,hard,0.848,0.9661333333333332,0.122445307413737,0.970445307413737,0.0208163678858933,1500,0.510547664940074,0.489452335059926,0.848,0.877554692586263,0.0208163678858933
wand_text,wand_text,clean,0.4906666666666666,0.8662666666666666,0.2916868767142296,0.7823535433808962,0.1697015457538267,1500,0.3039889821730554,0.6960110178269445,0.4906666666666666,0.7083131232857705,0.1697015457538267
wand_text,wand_text,easy,0.4893333333333333,0.8653333333333333,0.2836470092932383,0.7729803426265717,0.1776450231075287,1500,0.3034749268531799,0.6965250731468201,0.4893333333333333,0.7163529907067617,0.1776450231075287
wand_text,wand_text,medium,0.208,0.6724,0.4300704120695591,0.6380704120695591,0.2899630612581968,1500,0.1391933053344488,0.8608066946655513,0.208,0.5699295879304409,0.2899630612581968
wand_text,wand_text,hard,0.0693333333333333,0.3816,0.4116131553252538,0.4800370762745539,0.4427596238926053,1500,0.056858777489761494,0.9431412225102385,0.0693333333333333,0.5883868446747462,0.4427596238926053
